a;sin;cos;tg;ctg;x;x2;x3;x+r;1/x
0;0;1;0;#DZIEL/0!;0;0;0;0,01229342;#DZIEL/0!
0,01;0,009999833;0,99995;0,010000333;99,99333318;0,05;0,0025;0,000125;0,0695295;20
0,02;0,019998667;0,999800007;0,020002667;49,98666542;0,1;0,01;0,001;0,12761239;10
0,03;0,0299955;0,999550034;0,030009003;33,31332913;0,15;0,0225;0,003375;0,173645535;6,666666667
0,04;0,039989334;0,999200107;0,040021347;24,97332337;0,2;0,04;0,008;0,213493373;5
0,05;0,049979169;0,99875026;0,050041708;19,9666472;0,25;0,0625;0,015625;0,25979784;4
0,06;0,059964006;0,99820054;0,060072104;16,62663301;0,3;0,09;0,027;0,304904698;3,333333333
0,07;0,069942847;0,997551;0,070114558;14,23899414;0,35;0,1225;0,042875;0,393242668;2,857142857
0,08;0,079914694;0,996801706;0,080171105;12,44658679;0,4;0,16;0,064;0,438677456;2,5
0,09;0,089878549;0,995952733;0,09024379;11,05099729;0,45;0,2025;0,091125;0,490940568;2,222222222
0,1;0,099833417;0,995004165;0,100334672;9,933177065;0,5;0,25;0,125;0,506461488;2
0,11;0,109778301;0,993956098;0,110445825;9,017367564;0,55;0,3025;0,166375;0,555264257;1,818181818
0,12;0,119712207;0,992808636;0,120579337;8,253062755;0,6;0,36;0,216;0,634780423;1,666666667
0,13;0,129634143;0,991561894;0,130737318;7,605296613;0,65;0,4225;0,274625;0,66150374;1,538461538
0,14;0,139543115;0,990215996;0,140921895;7,049093111;0,7;0,49;0,343;0,717488381;1,428571429
0,15;0,149438132;0,988771078;0,151135218;6,566136217;0,75;0,5625;0,421875;0,753430728;1,333333333
0,16;0,159318207;0,987227283;0,161379461;6,142688639;0,8;0,64;0,512;0,82588602;1,25
0,17;0,169182349;0,985584767;0,171656822;5,768245137;0,85;0,7225;0,614125;0,887267743;1,176470588
0,18;0,179029573;0,983843693;0,181969529;5,43463472;0,9;0,81;0,729;0,902752732;1,111111111
0,19;0,188858895;0,982004235;0,192319838;5,135406368;0,95;0,9025;0,857375;0,966005494;1,052631579
0,2;0,198669331;0,980066578;0,202710036;4,865399033;1;1;1;1,013266458;1
0,21;0,2084599;0,978030915;0,213142444;4,620434499;1,05;1,1025;1,157625;1,06054027;0,952380952
0,22;0,218229623;0,975897449;0,223619422;4,397094003;1,1;1,21;1,331;1,129719739;0,909090909
0,23;0,227977524;0,973666395;0,234143362;4,192553133;1,15;1,3225;1,520875;1,162790367;0,869565217
0,24;0,237702626;0,971337975;0,244716703;4,004457998;1,2;1,44;1,728;1,222180651;0,833333333
0,25;0,247403959;0,968912422;0,255341921;3,830831119;1,25;1,5625;1,953125;1,251897456;0,8
0,26;0,257080552;0,966389978;0,266021542;3,669999035;1,3;1,69;2,197;1,346371862;0,769230769
0,27;0,266731437;0,963770896;0,276758136;3,520535996;1,35;1,8225;2,460375;1,359246949;0,740740741
0,28;0,276355649;0,961055438;0,287554326;3,381219726;1,4;1,96;2,744;1,427145469;0,714285714
0,29;0,285952225;0,958243876;0,298412787;3,250996331;1,45;2,1025;3,048625;1,472005845;0,689655172
0,3;0,295520207;0,955336489;0,30933625;3,128952229;1,5;2,25;3,375;1,510728075;0,666666667
0,31;0,305058636;0,95233357;0,320327505;3,014291515;1,55;2,4025;3,723875;1,589409856;0,64516129
0,32;0,314566561;0,949235418;0,331389405;2,906317564;1,6;2,56;4,096;1,648574608;0,625
0,33;0,324043028;0,946042344;0,342524868;2,804417978;1,65;2,7225;4,492125;1,667773283;0,606060606
0,34;0,333487092;0,942754666;0,353736878;2,708052201;1,7;2,89;4,913;1,74339464;0,588235294
0,35;0,342897807;0,939372713;0,365028495;2,616741237;1,75;3,0625;5,359375;1,771940557;0,571428571
0,36;0,352274233;0,935896824;0,376402852;2,530059099;1,8;3,24;5,832;1,800777801;0,555555556
0,37;0,361615432;0,932327346;0,387863162;2,447625634;1,85;3,4225;6,331625;1,880976508;0,540540541
0,38;0,370920469;0,928664636;0,399412721;2,369100485;1,9;3,61;6,859;1,900780655;0,526315789
0,39;0,380188415;0,92490906;0,411054915;2,294177975;1,95;3,8025;7,414875;1,973452956;0,512820513
0,4;0,389418342;0,921060994;0,422793219;2,222582768;2;4;8;2,030073833;0,5
0,41;0,398609328;0,917120823;0,434631205;2,154066155;2,05;4,2025;8,615125;2,081097332;0,487804878
0,42;0,407760453;0,91308894;0,446572546;2,088402875;2,1;4,41;9,261;2,123296323;0,476190476
0,43;0,416870802;0,90896575;0,458621023;2,025388375;2,15;4,6225;9,938375;2,164431507;0,465116279
0,44;0,425939465;0,904751663;0,470780527;1,96483645;2,2;4,84;10,648;2,214135863;0,454545455
0,45;0,434965534;0,900447102;0,483055066;1,906577186;2,25;5,0625;11,390625;2,286250822;0,444444444
0,46;0,443948107;0,896052498;0,495448769;1,850455181;2,3;5,29;12,167;2,317970316;0,434782609
0,47;0,452886285;0,891568288;0,507965897;1,796327987;2,35;5,5225;12,977875;2,390294427;0,425531915
0,48;0,461779176;0,886994923;0,520610844;1,744064744;2,4;5,76;13,824;2,417065533;0,416666667
0,49;0,470625888;0,882332859;0,533388147;1,693544986;2,45;6,0025;14,706125;2,452388416;0,408163265
0,5;0,479425539;0,877582562;0,54630249;1,644657584;2,5;6,25;15,625;2,541523349;0,4
0,51;0,488177247;0,872744508;0,559358716;1,597299815;2,55;6,5025;16,581375;2,575139494;0,392156863
0,52;0,496880138;0,86781918;0,57256183;1,551376536;2,6;6,76;17,576;2,643001187;0,384615385
0,53;0,505533341;0,862807071;0,585917013;1,506799452;2,65;7,0225;18,609625;2,654125597;0,377358491
0,54;0,514135992;0,857708681;0,599429623;1,463486458;2,7;7,29;19,683;2,737703429;0,37037037
0,55;0,522687229;0,852524522;0,613105213;1,421361064;2,75;7,5625;20,796875;2,777891492;0,363636364
0,56;0,531186198;0,847255111;0,626949535;1,380351862;2,8;7,84;21,952;2,81584205;0,357142857
0,57;0,539632049;0,841900975;0,640968552;1,340392065;2,85;8,1225;23,149125;2,873749874;0,350877193
0,58;0,548023937;0,83646265;0,655168449;1,30141908;2,9;8,41;24,389;2,927626298;0,344827586
0,59;0,556361023;0,830940679;0,669555646;1,263374128;2,95;8,7025;25,672375;2,994643246;0,338983051
0,6;0,564642473;0,825335615;0,684136808;1,226201897;3;9;27;3,040161312;0,333333333
0,61;0,57286746;0,819648018;0,698918862;1,189850229;3,05;9,3025;28,372625;3,065360997;0,327868852
0,62;0,581035161;0,813878457;0,713909007;1,154269832;3,1;9,61;29,791;3,137350439;0,322580645
0,63;0,589144758;0,808027508;0,729114729;1,11941402;3,15;9,9225;31,255875;3,181499902;0,317460317
0,64;0,597195441;0,802095758;0,744543822;1,085238472;3,2;10,24;32,768;3,223990961;0,3125
0,65;0,605186406;0,796083799;0,760204399;1,051701011;3,25;10,5625;34,328125;3,291716783;0,307692308
0,66;0,613116852;0,789992231;0,776104913;1,018761396;3,3;10,89;35,937;3,347105401;0,303030303
0,67;0,620985987;0,783821666;0,792254175;0,986381135;3,35;11,2225;37,595375;3,383567637;0,298507463
0,68;0,628793024;0,777572719;0,808661375;0,954523307;3,4;11,56;39,304;3,432856035;0,294117647
0,69;0,636537182;0,771246015;0,825336105;0,923152389;3,45;11,9025;41,063625;3,485380054;0,289855072
0,7;0,644217687;0,764842187;0,84228838;0,892234105;3,5;12,25;42,875;3,503515898;0,285714286
0,71;0,651833771;0,758361876;0,859528665;0,861735267;3,55;12,6025;44,738875;3,586566853;0,281690141
0,72;0,659384672;0,751805729;0,8770679;0,831623638;3,6;12,96;46,656;3,623482583;0,277777778
0,73;0,666869635;0,745174402;0,894917529;0,801867784;3,65;13,3225;48,627125;3,674381687;0,273972603
0,74;0,674287912;0,738468559;0,913089533;0,772436941;3,7;13,69;50,653;3,740659567;0,27027027
0,75;0,68163876;0,731688869;0,93159646;0,743300879;3,75;14,0625;52,734375;3,756199988;0,266666667
0,76;0,688921445;0,724836011;0,950451461;0,714429768;3,8;14,44;54,872;3,834218107;0,263157895
0,77;0,696135239;0,71791067;0,969668328;0,685794039;3,85;14,8225;57,066625;3,874736354;0,25974026
0,78;0,703279419;0,710913538;0,989261537;0,65736425;3,9;15,21;59,319;3,900881799;0,256410256
0,79;0,710353272;0,703845316;1,009246288;0,629110943;3,95;15,6025;61,629875;3,992575977;0,253164557
0,8;0,717356091;0,696706709;1,029638557;0,601004492;4;16;64;4,022752538;0,25
0,81;0,724287174;0,689498433;1,050455142;0,573014953;4,05;16,4025;66,430125;4,06818855;0,24691358
0,82;0,73114583;0,682221207;1,071713723;0,545111897;4,1;16,81;68,921;4,126301816;0,243902439
0,83;0,737931371;0,67487576;1,093432917;0,51726423;4,15;17,2225;71,473375;4,172024071;0,240963855
0,84;0,74464312;0,667462826;1,115632349;0,489440002;4,2;17,64;74,088;4,244881546;0,238095238
0,85;0,751280405;0,659983146;1,138332713;0,461606196;4,25;18,0625;76,765625;4,275647417;0,235294118
0,86;0,757842563;0,652437468;1,161555858;0,433728493;4,3;18,49;79,507;4,343149201;0,23255814
0,87;0,764328937;0,644826547;1,18532486;0,405771013;4,35;18,9225;82,312875;4,351005948;0,229885057
0,88;0,770738879;0,637151144;1,209664121;0,377696019;4,4;19,36;85,184;4,407510723;0,227272727
0,89;0,777071748;0,629412027;1,234599459;0,349463589;4,45;19,8025;88,121125;4,498841763;0,224719101
0,9;0,78332691;0,621609968;1,260158218;0,321031234;4,5;20,25;91,125;4,523564693;0,222222222
0,91;0,78950374;0,613745749;1,286369381;0,292353465;4,55;20,7025;94,196375;4,581094533;0,21978022
0,92;0,79560162;0,605820157;1,313263699;0,263381287;4,6;21,16;97,336;4,639715493;0,217391304
0,93;0,801619941;0,597833982;1,340873829;0,234061613;4,65;21,6225;100,544625;4,681627963;0,215053763
0,94;0,8075581;0,589788025;1,369234481;0,204336576;4,7;22,09;103,823;4,725426911;0,212765957
0,95;0,813415505;0,581683089;1,398382589;0,174142718;4,75;22,5625;107,171875;4,760402592;0,210526316
0,96;0,819191568;0,573519986;1,428357491;0,143410024;4,8;23,04;110,592;4,802230835;0,208333333
0,97;0,824885713;0,565299531;1,459201128;0,112060768;4,85;23,5225;114,084125;4,899245578;0,206185567
0,98;0,83049737;0,557022547;1,490958266;0,080008127;4,9;24,01;117,649;4,925645614;0,204081633
0,99;0,836025979;0,548689861;1,523676741;0,047154489;4,95;24,5025;121,287375;4,95081542;0,202020202
1;0,841470985;0,540302306;1,557407725;0,013389402;5;25;125;5,037045588;0,2
1,01;0,846831845;0,531860721;1,592206024;-0,021412969;5,05;25,5025;128,787625;5,097972487;0,198019802
1,02;0,852108022;0,523365951;1,628130412;-0,057396991;5,1;26,01;132,651;5,141695887;0,196078431
1,03;0,857298989;0,514818845;1,665243993;-0,094729508;5,15;26,5225;136,590875;5,188134912;0,194174757
1,04;0,862404227;0,506220257;1,703614612;-0,133604838;5,2;27,04;140,608;5,213998114;0,192307692
1,05;0,867423226;0,497571048;1,74331531;-0,174251157;5,25;27,5625;144,703125;5,269259445;0,19047619
1,06;0,872355482;0,488872082;1,784424832;-0,216938744;5,3;28,09;148,877;5,320743606;0,188679245
1,07;0,877200504;0,480124229;1,827028197;-0,261990772;5,35;28,6225;153,130375;5,355181066;0,186915888
1,08;0,881957807;0,471328364;1,871217338;-0,309797607;5,4;29,16;157,464;5,420703356;0,185185185
1,09;0,886626914;0,462485367;1,917091822;-0,36083603;5,45;29,7025;161,878625;5,48371088;0,183486239
1,1;0,89120736;0,453596121;1,964759657;-0,415695499;5,5;30,25;166,375;5,544590051;0,181818182
1,11;0,895698686;0,444661517;2,014338214;-0,475114664;5,55;30,8025;170,953875;5,575963514;0,18018018
1,12;0,900100442;0,435682446;2,065955261;-0,540033157;5,6;31,36;175,616;5,607476065;0,178571429
1,13;0,904412189;0,426659808;2,119750144;-0,611666695;5,65;31,9225;180,362125;5,680965703;0,17699115
1,14;0,908633496;0,417594504;2,175875131;-0,691618774;5,7;32,49;185,193;5,730062672;0,175438596
1,15;0,91276394;0,408487441;2,234496949;-0,78205167;5,75;33,0625;190,109375;5,75309486;0,173913043
1,16;0,916803109;0,399339529;2,29579854;-0,885957131;5,8;33,64;195,112;5,835787968;0,172413793
1,17;0,920750598;0,390151684;2,359981091;-1,007602025;5,85;34,2225;200,201625;5,883588683;0,170940171
1,18;0,924606012;0,380924824;2,427266361;-1,153297049;5,9;34,81;205,379;5,948048363;0,169491525
1,19;0,928368967;0,371659872;2,497899387;-1,3327997;5,95;35,4025;210,644875;5,966628551;0,168067227
1,2;0,932039086;0,362357754;2,572151622;-1,562060137;6;36;216;6,014374648;0,166666667
1,21;0,935616002;0,353019401;2,650324595;-1,869095731;6,05;36,6025;221,445125;6,088536805;0,165289256
1,22;0,939099356;0,343645746;2,732754199;-2,308131204;6,1;37,21;226,981;6,140212494;0,163934426
1,23;0,942488802;0,334237727;2,819815734;-2,999736372;6,15;37,8225;232,608375;6,153632727;0,162601626
1,24;0,945783999;0,324796284;2,911929861;-4,277385067;6,2;38,44;238,328;6,208696972;0,161290323
1,25;0,948984619;0,315322362;3,009569674;-7,530380068;6,25;39,0625;244,140625;6,269739701;0,16
1,26;0,952090342;0,305816908;3,113269134;-35,29690527;6,3;39,69;250,047;6,346011128;0,158730159
1,27;0,955100856;0,296280873;3,22363319;12,16173716;6,35;40,3225;256,047875;6,387487147;0,157480315
1,28;0,95801586;0,28671521;3,341349981;4,939310599;6,4;40,96;262,144;6,418546931;0,15625
1,29;0,960835064;0,277120875;3,467205652;2,961817803;6,45;41,6025;268,336125;6,489955955;0,15503876
1,3;0,963558185;0,267498829;3,602102448;2,015788206;6,5;42,25;274,625;6,54161895;0,153846154
1,31;0,966184952;0,257850033;3,747080976;1,444618351;6,55;42,9025;281,011375;6,581338771;0,152671756
1,32;0,9687151;0,248175452;3,903347787;1,048440362;6,6;43,56;287,496;6,617685941;0,151515152
1,33;0,971148378;0,238476053;4,072309835;0,744666848;6,65;44,2225;294,079625;6,660671462;0,15037594
1,34;0,973484542;0,228752808;4,255617892;0,491433668;6,7;44,89;300,763;6,743372674;0,149253731
1,35;0,975723358;0,219006687;4,45522176;0,26299057;6,75;45,5625;307,546875;6,798050741;0,148148148
1,36;0,977864602;0,209238666;4,673441203;0,038967483;6,8;46,24;314,432;6,840429982;0,147058824
1,37;0,979908061;0,199449721;4,91305807;-0,203406714;6,85;46,9225;321,419125;6,87332104;0,145985401
1,38;0,98185353;0,189640831;5,177437389;-0,501752227;6,9;47,61;328,509;6,945242347;0,144927536
1,39;0,983700815;0,179812978;5,470688643;-0,947220328;6,95;48,3025;335,702375;6,971830394;0,143884892
1,4;0,98544973;0,169967143;5,797883715;-1,896208847;7;49;343;7,034190053;0,142857143
1,41;0,987100101;0,160104312;6,165356145;-8,447550545;7,05;49,7025;350,402625;7,085282331;0,141843972
1,42;0,988651763;0,15022547;6,581119456;3,256542308;7,1;50,41;357,911;7,109028011;0,14084507
1,43;0,99010456;0,140331606;7,055463766;1,026589784;7,15;51,1225;365,525875;7,170739212;0,13986014
1,44;0,991458348;0,130423709;7,601826062;0,257639303;7,2;51,84;373,248;7,245071691;0,138888889
1,45;0,992712991;0,120502769;8,238092753;-0,404187557;7,25;52,5625;381,078125;7,250738861;0,137931034
1,46;0,993868363;0,11056978;8,988607602;-2,145414001;7,3;53,29;389,017;7,332481429;0,136986301
1,47;0,99492435;0,100625733;9,887374892;2,005264453;7,35;54,0225;397,065375;7,381852678;0,136054422
1,48;0,995880845;0,090671624;10,98337931;0,012195578;7,4;54,76;405,224;7,432010853;0,135135135
1,49;0,996737752;0,080708448;12,34985644;-4,54623734;7,45;55,5025;413,493625;7,460640537;0,134228188
1,5;0,997494987;0,070737202;14,10141995;0,035762228;7,5;56,25;421,875;7,531994705;0,133333333
1,51;0,998152472;0,060758881;16,4280917;1,139867225;7,55;57,0025;430,368875;7,593202212;0,132450331
1,52;0,998710144;0,050774485;19,66952782;0,933137569;7,6;57,76;438,976;7,611845024;0,131578947
1,53;0,999167945;0,040785011;24,49841044;-1,359122499;7,65;58,5225;447,697125;7,66720227;0,130718954
1,54;0,999525831;0,030791459;32,46113891;0,580000209;7,7;59,29;456,533;7,727494657;0,12987013
1,55;0,999783764;0,020794828;48,07848248;0,708193252;7,75;60,0625;465,484375;7,774515947;0,129032258
1,56;0,99994172;0,010796117;92,62049632;0,05654712;7,8;60,84;474,552;7,842760127;0,128205128
1,57;0,999999683;0,000796327;1255,765592;-0,841137534;7,85;61,6225;483,736625;7,86036996;0,127388535
1,58;0,999957646;-0,009203543;-108,6492036;0,270585054;7,9;62,41;493,039;7,94650089;0,126582278
1,59;0,999815615;-0,019202493;-52,06696965;0,234872223;7,95;63,2025;502,459875;7,9677904;0,125786164
1,6;0,999573603;-0,029199522;-34,23253274;2,967952005;8;64;512;8,048063528;0,125
1,61;0,999231634;-0,039193632;-25,49474466;-2,640669392;8,05;64,8025;521,660125;8,075581137;0,124223602
1,62;0,998789743;-0,049183822;-20,30728204;-0,113554547;8,1;65,61;531,441;8,138437556;0,12345679
1,63;0,998247974;-0,059169094;-16,87110469;-0,431845946;8,15;66,4225;541,343375;8,170002822;0,122699387
1,64;0,997606381;-0,069148449;-14,42702477;0,298257958;8,2;67,24;551,368;8,236788375;0,12195122
1,65;0,996865028;-0,079120889;-12,59926479;-30,38955363;8,25;68,0625;561,515625;8,253956497;0,121212121
1,66;0,99602399;-0,089085417;-11,18055035;0,18711507;8,3;68,89;571,787;8,304770365;0,120481928
1,67;0,99508335;-0,099041037;-10,0471823;-1,393640811;8,35;69,7225;582,182875;8,38351791;0,119760479
1,68;0,994043202;-0,108986752;-9,120770936;3,187432083;8,4;70,56;592,704;8,432475955;0,119047619
1,69;0,992903651;-0,118921569;-8,349230984;0,540149947;8,45;71,4025;603,351125;8,474086959;0,118343195
1,7;0,99166481;-0,128844494;-7,696602139;-0,158691839;8,5;72,25;614,125;8,507773318;0,117647059
1,71;0,990326804;-0,138754535;-7,137257204;-0,871289185;8,55;73,1025;625,026375;8,583741999;0,116959064
1,72;0,988889766;-0,1486507;-6,652439337;-2,58394449;8,6;73,96;636,056;8,61801037;0,11627907
1,73;0,98735384;-0,158532001;-6,22810433;18,13672427;8,65;74,8225;647,214625;8,659993783;0,115606936
1,74;0,985719179;-0,168397448;-5,853528013;2,182423066;8,7;75,69;658,503;8,741199301;0,114942529
1,75;0,983985947;-0,178246056;-5,520379923;1,046238071;8,75;76,5625;669,921875;8,776411767;0,114285714
1,76;0,982154317;-0,188076839;-5,222090731;0,558967215;8,8;77,44;681,472;8,803621303;0,113636364
1,77;0,980224473;-0,197888815;-4,9534102;0,24579935;8,85;78,3225;693,154125;8,858044269;0,11299435
1,78;0,978196607;-0,207681002;-4,710091916;-0,002297068;8,9;79,21;704,969;8,911787694;0,112359551
1,79;0,976070922;-0,217452421;-4,48866432;-0,227533614;8,95;80,1025;716,917375;8,954223352;0,111731844
1,8;0,973847631;-0,227202095;-4,286261675;-0,45394206;9;81;729;9,022795745;0,111111111
1,81;0,971526956;-0,236929049;-4,100497433;-0,701738138;9,05;81,9025;741,217625;9,096212985;0,110497238
1,82;0,969109129;-0,24663231;-3,929368091;-0,99525672;9,1;82,81;753,571;9,131861666;0,10989011
1,83;0,966594392;-0,256310908;-3,771179301;-1,372717841;9,15;83,7225;766,060875;9,150346311;0,109289617
1,84;0,963982996;-0,265963876;-3,624488453;-1,907315613;9,2;84,64;778,688;9,215591421;0,108695652
1,85;0,961275203;-0,275590247;-3,488059589;-2,769854423;9,25;85,5625;791,453125;9,284813109;0,108108108
1,86;0,958471283;-0,285189059;-3,360827676;-4,488001446;9,3;86,49;804,357;9,311887453;0,107526882
1,87;0,955571517;-0,294759353;-3,241870045;-9,938889404;9,35;87,4225;817,400375;9,391789514;0,106951872
1,88;0,952576194;-0,304300171;-3,130383368;89,20801254;9,4;88,36;830,584;9,437515924;0,106382979
1,89;0,949485615;-0,313810559;-3,025664964;8,587389638;9,45;89,3025;843,908625;9,49055864;0,105820106
1,9;0,946300088;-0,323289567;-2,927097515;4,590391671;9,5;90,25;857,375;9,513387911;0,105263158
1,91;0,943019931;-0,332736246;-2,834136478;3,149358936;9,55;91,2025;870,983875;9,598102325;0,104712042
1,92;0,939645474;-0,342149651;-2,746299669;2,396611474;9,6;92,16;884,736;9,644922443;0,104166667
1,93;0,936177052;-0,351528842;-2,663158582;1,928186198;9,65;93,1225;898,632125;9,668499619;0,103626943
1,94;0,932615014;-0,36087288;-2,584331119;1,604772717;9,7;94,09;912,673;9,723843325;0,103092784
1,95;0,928959715;-0,370180831;-2,509475468;1,365444125;9,75;95,0625;926,859375;9,758787175;0,102564103
1,96;0,925211521;-0,379451765;-2,438284933;1,179302884;9,8;96,04;941,192;9,800706103;0,102040816
1,97;0,921370806;-0,388684753;-2,37048353;1,028994354;9,85;97,0225;955,671625;9,866775239;0,101522843
1,98;0,917437955;-0,397878874;-2,305822238;0,90400955;9,9;98,01;970,299;9,907943627;0,101010101
1,99;0,913413361;-0,407033207;-2,244075782;0,797605958;9,95;99,0025;985,074875;9,998774675;0,100502513
2;0,909297427;-0,416146837;-2,185039863;0,705254141;10;100;1000;10,0411093;0,1
2,01;0,905090563;-0,425218852;-2,128528777;0,623795168;10,05;101,0025;1015,075125;10,06205929;0,099502488
2,02;0,900793192;-0,434248346;-2,074373339;0,550956162;10,1;102,01;1030,301;10,12500038;0,099009901
2,03;0,896405741;-0,443234416;-2,022419085;0,485058053;10,15;103,0225;1045,678375;10,16832128;0,098522167
2,04;0,891928651;-0,452176162;-1,972524705;0,424832044;10,2;104,04;1061,208;10,22243856;0,098039216
2,05;0,887362369;-0,461072691;-1,924560672;0,369300313;10,25;105,0625;1076,890625;10,29815705;0,097560976
2,06;0,882707351;-0,469923114;-1,878408031;0,317696155;10,3;106,09;1092,727;10,32484241;0,097087379
2,07;0,877964063;-0,478726544;-1,833957347;0,26940912;10,35;107,1225;1108,717875;10,39906124;0,096618357
2,08;0,87313298;-0,487482102;-1,791107766;0,223946458;10,4;108,16;1124,864;10,42709362;0,096153846
2,09;0,868214583;-0,496188913;-1,74976619;0,180905481;10,45;109,2025;1141,166125;10,46640455;0,09569378
2,1;0,863209367;-0,504846105;-1,709846543;0,139953379;10,5;110,25;1157,625;10,54115115;0,095238095
2,11;0,85811783;-0,513452812;-1,67126912;0,100812247;10,55;111,3025;1174,241375;10,57909718;0,09478673
2,12;0,852940482;-0,522008175;-1,633960007;0,063247815;10,6;112,36;1191,016;10,64496565;0,094339623
2,13;0,84767784;-0,530511338;-1,597850564;0,02706084;10,65;113,4225;1207,949625;10,68102375;0,093896714
2,14;0,842330432;-0,538961449;-1,56287696;-0,007919532;10,7;114,49;1225,043;10,73244381;0,093457944
2,15;0,836898791;-0,547357665;-1,528979758;-0,04184096;10,75;115,5625;1242,296875;10,75549775;0,093023256
2,16;0,831383461;-0,555699146;-1,496103542;-0,074832;10,8;116,64;1259,712;10,82547502;0,092592593
2,17;0,825784993;-0,563985058;-1,464196581;-0,107005372;10,85;117,7225;1277,289125;10,87481722;0,092165899
2,18;0,820103948;-0,572214571;-1,433210529;-0,138460582;10,9;118,81;1295,029;10,94291585;0,091743119
2,19;0,814340892;-0,580386863;-1,403100146;-0,169286052;10,95;119,9025;1312,932375;10,95204605;0,091324201
2,2;0,808496404;-0,588501117;-1,373823057;-0,199560856;11;121;1331;11,0428452;0,090909091
2,21;0,802571066;-0,596556522;-1,345339523;-0,229356154;11,05;122,1025;1349,232625;11,06349727;0,090497738
2,22;0,796565472;-0,604552271;-1,31761224;-0,25873638;11,1;123,21;1367,631;11,11169144;0,09009009
2,23;0,790480222;-0,612487566;-1,290606155;-0,287760233;11,15;124,3225;1386,195875;11,17078569;0,089686099
2,24;0,784315925;-0,620361612;-1,264288296;-0,316481513;11,2;125,44;1404,928;11,2291908;0,089285714
2,25;0,778073197;-0,628173623;-1,238627616;-0,344949823;11,25;126,5625;1423,828125;11,28817526;0,088888889
2,26;0,771752662;-0,635922817;-1,213594861;-0,373211178;11,3;127,69;1442,897;11,32384201;0,088495575
2,27;0,765354953;-0,643608419;-1,189162432;-0,401308511;11,35;128,8225;1462,135375;11,3561809;0,088105727
2,28;0,758880708;-0,651229661;-1,165304276;-0,429282128;11,4;129,96;1481,544;11,43563762;0,087719298
2,29;0,752330576;-0,65878578;-1,141995774;-0,457170091;11,45;131,1025;1501,123625;11,47134427;0,087336245
2,3;0,745705212;-0,666276021;-1,119213642;-0,485008553;11,5;132,25;1520,875;11,52548985;0,086956522
2,31;0,739005278;-0,673699636;-1,096935844;-0,512832065;11,55;133,4025;1540,798875;11,56609383;0,086580087
2,32;0,732231444;-0,681055881;-1,075141505;-0,540673835;11,6;134,56;1560,896;11,64109585;0,086206897
2,33;0,725384387;-0,68834402;-1,053810836;-0,568565968;11,65;135,7225;1581,167125;11,6733118;0,08583691
2,34;0,718464793;-0,695563326;-1,032925063;-0,596539681;11,7;136,89;1601,613;11,71963238;0,085470085
2,35;0,711473353;-0,702713077;-1,012466363;-0,624625497;11,75;138,0625;1622,234375;11,79626726;0,085106383
2,36;0,704410766;-0,709792556;-0,992417798;-0,652853425;11,8;139,24;1643,032;11,80543488;0,084745763
2,37;0,697277738;-0,716801057;-0,972763267;-0,681253132;11,85;140,4225;1664,006625;11,85692224;0,084388186
2,38;0,690074984;-0,723737879;-0,953487449;-0,709854092;11,9;141,61;1685,159;11,92166979;0,084033613
2,39;0,682803222;-0,730602327;-0,934575756;-0,73868574;11,95;142,8025;1706,489875;11,99226069;0,083682008
2,4;0,675463181;-0,737393716;-0,91601429;-0,767777616;12;144;1728;12,03012266;0,083333333
2,41;0,668055593;-0,744111365;-0,897789799;-0,797159498;12,05;145,2025;1749,690125;12,07366764;0,082987552
2,42;0,660581201;-0,750754605;-0,879889643;-0,826861545;12,1;146,41;1771,561;12,10422324;0,082644628
2,43;0,653040752;-0,757322769;-0,862301753;-0,856914426;12,15;147,6225;1793,613375;12,19972484;0,082304527
2,44;0,645434998;-0,763815202;-0,845014601;-0,887349459;12,2;148,84;1815,848;12,23485069;0,081967213
2,45;0,637764702;-0,770231254;-0,828017169;-0,918198744;12,25;150,0625;1838,265625;12,28521985;0,081632653
2,46;0,63003063;-0,776570284;-0,811298917;-0,949495308;12,3;151,29;1860,867;12,32599604;0,081300813
2,47;0,622233555;-0,782831657;-0,794849761;-0,981273245;12,35;152,5225;1883,652875;12,38949667;0,08097166
2,48;0,614374258;-0,789014747;-0,778660044;-1,013567866;12,4;153,76;1906,624;12,40767198;0,080645161
2,49;0,606453523;-0,795118937;-0,762720513;-1,046415861;12,45;155,0025;1929,781125;12,45803525;0,080321285
2,5;0,598472144;-0,801143616;-0,747022297;-1,07985546;12,5;156,25;1953,125;12,53223815;0,08
2,51;0,590430918;-0,80708818;-0,731556889;-1,113926611;12,55;157,5025;1976,656375;12,56433269;0,079681275
2,52;0,58233065;-0,812952037;-0,716316121;-1,148671171;12,6;158,76;2000,376;12,6271746;0,079365079
2,53;0,574172148;-0,818734599;-0,701292151;-1,184133105;12,65;160,0225;2024,284625;12,67713832;0,079051383
2,54;0,56595623;-0,824435289;-0,686477445;-1,220358707;12,7;161,29;2048,383;12,71777635;0,078740157
2,55;0,557683717;-0,830053535;-0,671864758;-1,257396836;12,75;162,5625;2072,671875;12,76944599;0,078431373
2,56;0,549355436;-0,835588777;-0,657447122;-1,295299176;12,8;163,84;2097,152;12,8010489;0,078125
2,57;0,54097222;-0,841040461;-0,64321783;-1,334120516;12,85;165,1225;2121,824125;12,85318257;0,077821012
2,58;0,532534908;-0,846408041;-0,629170426;-1,37391906;12,9;166,41;2146,689;12,90324035;0,07751938
2,59;0,524044342;-0,851690981;-0,615298686;-1,41475677;12,95;167,7025;2171,747375;12,96187868;0,077220077
2,6;0,515501372;-0,856888753;-0,601596613;-1,456699738;13;169;2197;13,01034054;0,076923077
2,61;0,506906852;-0,862000837;-0,588058422;-1,499818604;13,05;170,3025;2222,447625;13,06961211;0,076628352
2,62;0,498261642;-0,867026721;-0,574678531;-1,544189018;13,1;171,61;2248,091;13,12434395;0,076335878
2,63;0,489566607;-0,871965904;-0,561451548;-1,589892151;13,15;172,9225;2273,930875;13,19788812;0,076045627
2,64;0,480822615;-0,87681789;-0,548372268;-1,637015271;13,2;174,24;2299,968;13,20192856;0,075757576
2,65;0,472030541;-0,881582196;-0,535435656;-1,685652383;13,25;175,5625;2326,203125;13,25645457;0,075471698
2,66;0,463191265;-0,886258344;-0,522636845;-1,735904952;13,3;176,89;2352,637;13,33407933;0,07518797
2,67;0,45430567;-0,890845867;-0,509971126;-1,787882706;13,35;178,2225;2379,270375;13,35675672;0,074906367
2,68;0,445374645;-0,895344306;-0,497433939;-1,841704559;13,4;179,56;2406,104;13,40450601;0,074626866
2,69;0,436399082;-0,899753211;-0,485020867;-1,897499637;13,45;180,9025;2433,138625;13,46583695;0,074349442
2,7;0,42737988;-0,904072142;-0,472727629;-1,955408458;13,5;182,25;2460,375;13,52783931;0,074074074
2,71;0,418317941;-0,908300666;-0,460550076;-2,015584262;13,55;183,6025;2487,813875;13,58280135;0,073800738
2,72;0,40921417;-0,912438361;-0,448484179;-2,078194536;13,6;184,96;2515,456;13,64618838;0,073529412
2,73;0,400069478;-0,916484813;-0,436526031;-2,143422764;13,65;186,3225;2543,302125;13,68990551;0,073260073
2,74;0,390884779;-0,920439618;-0,424671832;-2,211470425;13,7;187,69;2571,353;13,74108796;0,072992701
2,75;0,381660992;-0,924302379;-0,412917894;-2,28255931;13,75;189,0625;2599,609375;13,77632696;0,072727273
2,76;0,372399039;-0,92807271;-0,401260629;-2,356934192;13,8;190,44;2628,072;13,82703994;0,072463768
2,77;0,363099847;-0,931750235;-0,389696545;-2,434865934;13,85;191,8225;2656,741625;13,87433997;0,072202166
2,78;0,353764345;-0,935334586;-0,378222243;-2,516655106;13,9;193,21;2685,619;13,93315768;0,071942446
2,79;0,344393467;-0,938825404;-0,366834414;-2,602636222;13,95;194,6025;2714,704875;13,97076184;0,071684588
2,8;0,33498815;-0,942222341;-0,355529832;-2,69318272;14;196;2744;14,03654644;0,071428571
2,81;0,325549335;-0,945525056;-0,344305349;-2,788712837;14,05;197,4025;2773,505125;14,07886523;0,071174377
2,82;0,316077964;-0,948733219;-0,333157897;-2,889696593;14,1;198,81;2803,221;14,10671167;0,070921986
2,83;0,306574986;-0,95184651;-0,322084478;-2,996664103;14,15;200,2225;2833,148375;14,17596562;0,070671378
2,84;0,297041351;-0,954864616;-0,311082164;-3,110215552;14,2;201,64;2863,288;14,21012773;0,070422535
2,85;0,287478012;-0,957787238;-0,300148092;-3,231033218;14,25;203,0625;2893,640625;14,2732678;0,070175439
2,86;0,277885926;-0,960614081;-0,289279463;-3,35989606;14,3;204,49;2924,207;14,30998148;0,06993007
2,87;0,268266051;-0,963344863;-0,278473536;-3,497697525;14,35;205,9225;2954,987875;14,37899514;0,069686411
2,88;0,25861935;-0,965979312;-0,267727628;-3,645467437;14,4;207,36;2985,984;14,44873335;0,069444444
2,89;0,248946787;-0,968517164;-0,257039107;-3,80439911;14,45;208,8025;3017,196125;14,49832395;0,069204152
2,9;0,239249329;-0,970958165;-0,246405394;-3,975883192;14,5;210,25;3048,625;14,52477736;0,068965517
2,91;0,229527947;-0,973302071;-0,235823958;-4,161550276;14,55;211,7025;3080,271375;14,57912347;0,068728522
2,92;0,219783612;-0,975548648;-0,225292314;-4,363325047;14,6;213,16;3112,136;14,62092039;0,068493151
2,93;0,210017299;-0,97769767;-0,214808019;-4,583495791;14,65;214,6225;3144,219625;14,69548093;0,068259386
2,94;0,200229985;-0,979748924;-0,20436867;-4,824804574;14,7;216,09;3176,523;14,71075936;0,068027211
2,95;0,190422647;-0,981702203;-0,193971906;-5,090565684;14,75;217,5625;3209,046875;14,7902616;0,06779661
2,96;0,180596268;-0,983557313;-0,183615398;-5,384823184;14,8;219,04;3241,792;14,80662906;0,067567568
2,97;0,170751829;-0,985314068;-0,173296855;-5,712563575;14,85;220,5225;3274,759125;14,87213541;0,067340067
2,98;0,160890315;-0,986972293;-0,163014014;-6,080007408;14,9;222,01;3307,949;14,94576086;0,067114094
2,99;0,151012712;-0,988531821;-0,152764644;-6,495016318;14,95;223,5025;3341,362375;14,96742376;0,066889632
3;0,141120008;-0,989992497;-0,142546543;-6,967672546;15;225;3375;15,04603809;0,066666667
3,01;0,131213192;-0,991354174;-0,132357532;-7,51112268;15,05;226,5025;3408,862625;15,05858855;0,066445183
3,02;0,121293255;-0,992616717;-0,122195459;-8,142837757;15,1;228,01;3442,951;15,14899899;0,066225166
3,03;0,111361189;-0,993779999;-0,112058191;-8,886550867;15,15;229,5225;3477,265875;15,15636431;0,066006601
3,04;0,101417986;-0,994843903;-0,101943617;-9,775339107;15,2;231,04;3511,808;15,24776321;0,065789474
3,05;0,091464642;-0,995808325;-0,091849646;-10,85672444;15,25;232,5625;3546,578125;15,27561058;0,06557377
3,06;0,081502152;-0,996673166;-0,081774201;-12,20152551;15,3;234,09;3581,577;15,3307521;0,065359477
3,07;0,071531511;-0,99743834;-0,071715221;-13,92012795;15,35;235,6225;3616,805375;15,39415388;0,06514658
3,08;0,061553717;-0,998103772;-0,061670659;-16,19460432;15,4;237,16;3652,264;15,40912896;0,064935065
3,09;0,051569768;-0,998669394;-0,051638479;-19,34818802;15,45;238,7025;3687,953625;15,46775131;0,064724919
3,1;0,041580662;-0,99913515;-0,041616655;-24,01496776;15,5;240,25;3723,875;15,53665511;0,064516129
3,11;0,031587398;-0,999500994;-0,031603169;-31,63186166;15,55;241,8025;3760,028875;15,5563086;0,064308682
3,12;0,021590976;-0,999766888;-0,02159601;-46,29765089;15,6;243,36;3796,416;15,6218367;0,064102564
3,13;0,011592394;-0,999932806;-0,011593173;-86,25379827;15,65;244,9225;3833,037125;15,6796465;0,063897764
3,14;0,001592653;-0,999998732;-0,001592655;-627,8818667;15,7;246,49;3869,893;15,73270456;0,063694268
3,15;-0,008407247;-0,999964658;0,008407545;118,9379892;15,75;248,0625;3906,984375;15,78244233;0,063492063
3,16;-0,018406307;-0,99983059;0,018409426;54,31386322;15,8;249,64;3944,312;15,80281783;0,063291139
3,17;-0,028403526;-0,999596538;0,02841499;35,18321984;15,85;251,2225;3981,876625;15,88036294;0,063091483
3,18;-0,038397905;-0,999262529;0,038426243;26,0110718;15,9;252,81;4019,679;15,92258141;0,062893082
3,19;-0,048388443;-0,998828593;0,048445192;20,62573221;15,95;254,4025;4057,719875;15,99548386;0,062695925
3,2;-0,058374143;-0,998294776;0,058473854;17,08216465;16;256;4096;16,04022122;0,0625
3,21;-0,068354006;-0,99766113;0,068514252;14,57265818;16,05;257,6025;4134,520125;16,05568005;0,062305296
3,22;-0,078327033;-0,996927718;0,078568418;12,70156019;16,1;259,21;4173,281;16,14652396;0,062111801
3,23;-0,088292228;-0,996094615;0,088638395;11,25223108;16,15;260,8225;4212,283375;16,16564044;0,061919505
3,24;-0,098248594;-0,995161903;0,098726241;10,09608916;16,2;262,44;4251,528;16,23933998;0,061728395
3,25;-0,108195135;-0,994129676;0,108834026;9,151996283;16,25;264,0625;4291,015625;16,26669736;0,061538462
3,26;-0,118130856;-0,992998037;0,118963836;8,366223797;16,3;265,69;4330,747;16,31749989;0,061349693
3,27;-0,128054764;-0,991767098;0,129117778;7,701779676;16,35;267,3225;4370,722875;16,39880648;0,06116208
3,28;-0,137965867;-0,990436984;0,139297976;7,132362368;16,4;268,96;4410,944;16,43272797;0,06097561
3,29;-0,147863174;-0,989007827;0,149506576;6,638759055;16,45;270,6025;4451,411125;16,48694591;0,060790274
3,3;-0,157745694;-0,98747977;0,159745748;6,206608147;16,5;272,25;4492,125;16,51640013;0,060606061
3,31;-0,16761244;-0,985852966;0,170017686;5,824958954;16,55;273,9025;4533,086375;16,59583167;0,060422961
3,32;-0,177462425;-0,984127577;0,180324613;5,485315748;16,6;275,56;4574,296;16,61559886;0,060240964
3,33;-0,187294664;-0,982303776;0,190668781;5,180986254;16,65;277,2225;4615,754625;16,66486128;0,06006006
3,34;-0,197108173;-0,980381746;0,201052471;4,906627166;16,7;278,89;4657,463;16,72163871;0,05988024
3,35;-0,206901972;-0,978361679;0,211478001;4,657920498;16,75;280,5625;4699,421875;16,76393514;0,059701493
3,36;-0,21667508;-0,976243776;0,22194772;4,431338859;16,8;282,24;4741,632;16,83010489;0,05952381
3,37;-0,226426522;-0,974028249;0,232464019;4,223972375;16,85;283,9225;4784,094125;16,89787998;0,059347181
3,38;-0,236155321;-0,971715321;0,243029327;4,033399177;16,9;285,61;4826,809;16,93134552;0,059171598
3,39;-0,245860504;-0,969305222;0,253646116;3,857587167;16,95;287,3025;4869,777375;16,95984753;0,05899705
3,4;-0,255541102;-0,966798193;0,264316901;3,694818597;17;289;4913;17,01586584;0,058823529
3,41;-0,265196146;-0,964194485;0,275044247;3,5436315;17,05;290,7025;4956,477625;17,08230996;0,058651026
3,42;-0,27482467;-0,961494358;0,285830768;3,402773749;17,1;292,41;5000,211;17,1218263;0,058479532
3,43;-0,284425713;-0,958698083;0,296679129;3,271166674;17,15;294,1225;5044,200875;17,15893388;0,058309038
3,44;-0,293998312;-0,955805939;0,307592055;3,147875986;17,2;295,84;5088,448;17,21686232;0,058139535
3,45;-0,303541513;-0,952818215;0,318572324;3,032088367;17,25;297,5625;5132,953125;17,26416564;0,057971014
3,46;-0,313054359;-0,94973521;0,329622779;2,923092465;17,3;299,29;5177,717;17,30865252;0,057803468
3,47;-0,3225359;-0,946557232;0,340746327;2,820263361;17,35;301,0225;5222,740375;17,35161746;0,057636888
3,48;-0,331985188;-0,943284599;0,351945944;2,723049791;17,4;302,76;5268,024;17,40282847;0,057471264
3,49;-0,341401278;-0,939917639;0,363224674;2,630963569;17,45;304,5025;5313,568625;17,49820687;0,05730659
3,5;-0,350783228;-0,936456687;0,37458564;2,54357078;17,5;306,25;5359,375;17,5242523;0,057142857
3,51;-0,360130099;-0,932902091;0,386032042;2,4604844;17,55;308,0025;5405,443875;17,55821363;0,056980057
3,52;-0,369440959;-0,929254205;0,397567163;2,381358098;17,6;309,76;5451,776;17,64311088;0,056818182
3,53;-0,378714874;-0,925513395;0,409194373;2,305880984;17,65;311,5225;5498,372125;17,66699653;0,056657224
3,54;-0,387950918;-0,921680034;0,420917133;2,233773152;17,7;313,29;5545,233;17,73269871;0,056497175
3,55;-0,397148167;-0,917754506;0,432739;2,164781879;17,75;315,0625;5592,359375;17,7579661;0,056338028
3,56;-0,406305702;-0,913737203;0,444663631;2,098678362;17,8;316,84;5639,752;17,82748096;0,056179775
3,57;-0,415422607;-0,909628527;0,456694787;2,035254919;17,85;318,6225;5687,411625;17,89638643;0,056022409
3,58;-0,424497969;-0,905428889;0,468836343;1,974322566;17,9;320,41;5735,339;17,90723211;0,055865922
3,59;-0,433530883;-0,901138709;0,481092287;1,91570892;17,95;322,2025;5783,534875;17,96327705;0,055710306
3,6;-0,442520443;-0,896758416;0,49346673;1,859256379;18;324;5832;18,00589019;0,055555556
3,61;-0,451465752;-0,892288448;0,50596391;1,804820527;18,05;325,8025;5880,735125;18,08428618;0,055401662
3,62;-0,460365915;-0,887729252;0,5185882;1,752268742;18,1;327,61;5929,741;18,10285245;0,055248619
3,63;-0,469220041;-0,883081283;0,531344113;1,701478977;18,15;329,4225;5979,018375;18,15508013;0,055096419
3,64;-0,478027246;-0,878345007;0,54423631;1,652338682;18,2;331,24;6028,568;18,20068065;0,054945055
3,65;-0,486786649;-0,873520898;0,557269608;1,604743852;18,25;333,0625;6078,390625;18,28528541;0,054794521
3,66;-0,495497373;-0,868609437;0,570448987;1,558598189;18,3;334,89;6128,487;18,30735321;0,054644809
3,67;-0,504158548;-0,863611115;0,583779596;1,513812352;18,35;336,7225;6178,857875;18,38076497;0,054495913
3,68;-0,512769307;-0,858526434;0,597266767;1,470303292;18,4;338,56;6229,504;18,43561118;0,054347826
3,69;-0,52132879;-0,8533559;0,61091602;1,427993661;18,45;340,4025;6280,426125;18,49435091;0,054200542
3,7;-0,529836141;-0,848100032;0,624733075;1,386811273;18,5;342,25;6331,625;18,51239757;0,054054054
3,71;-0,538290508;-0,842759354;0,638723861;1,346688637;18,55;344,1025;6383,101375;18,59134297;0,053908356
3,72;-0,546691047;-0,837334401;0,652894526;1,307562517;18,6;345,96;6434,856;18,61461637;0,053763441
3,73;-0,555036917;-0,831825715;0,667251453;1,269373551;18,65;347,8225;6486,889625;18,65454153;0,053619303
3,74;-0,563327284;-0,826233848;0,681801267;1,232065896;18,7;349,69;6539,203;18,71423812;0,053475936
3,75;-0,571561319;-0,820559357;0,696550851;1,195586911;18,75;351,5625;6591,796875;18,76141612;0,053333333
3,76;-0,579738198;-0,814802812;0,71150736;1,159886867;18,8;353,44;6644,672;18,80408837;0,053191489
3,77;-0,587857103;-0,808964787;0,726678235;1,12491868;18,85;355,3225;6697,829125;18,88664218;0,053050398
3,78;-0,595917224;-0,803045866;0,742071218;1,090637666;18,9;357,21;6751,269;18,90424645;0,052910053
3,79;-0,603917753;-0,797046641;0,757694371;1,057001322;18,95;359,1025;6804,992375;18,98403914;0,052770449
3,8;-0,611857891;-0,790967712;0,773556091;1,02396911;19;361;6859;19,01735164;0,052631579
3,81;-0,619736844;-0,784809687;0,78966513;0,991502274;19,05;362,9025;6913,292625;19,0590452;0,052493438
3,82;-0,627553823;-0,778573182;0,806030618;0,959563653;19,1;364,81;6967,871;19,10317072;0,052356021
3,83;-0,635308048;-0,77225882;0,822662081;0,928117513;19,15;366,7225;7022,735875;19,19353334;0,052219321
3,84;-0,642998742;-0,765867232;0,839569464;0,897129388;19,2;368,64;7077,888;19,20476587;0,052083333
3,85;-0,650625137;-0,759399059;0,856763159;0,866565928;19,25;370,5625;7133,328125;19,28830946;0,051948052
3,86;-0,65818647;-0,752854947;0,874254029;0,836394754;19,3;372,49;7189,057;19,31243245;0,051813472
3,87;-0,665681985;-0,746235549;0,892053435;0,806584312;19,35;374,4225;7245,075375;19,35394848;0,051679587
3,88;-0,673110932;-0,739541529;0,910173271;0,777103742;19,4;376,36;7301,384;19,44289573;0,051546392
3,89;-0,680472569;-0,732773555;0,928625992;0,747922738;19,45;378,3025;7357,983625;19,45413597;0,051413882
3,9;-0,687766159;-0,725932304;0,94742465;0,719011414;19,5;380,25;7414,875;19,50484642;0,051282051
3,91;-0,694990973;-0,719018461;0,966582934;0,69034017;19,55;382,2025;7472,058875;19,57481973;0,051150895
3,92;-0,702146289;-0,712032716;0,986115206;0,661879552;19,6;384,16;7529,536;19,63826717;0,051020408
3,93;-0,70923139;-0,704975769;1,006036549;0,633600114;19,65;386,1225;7587,307125;19,65516479;0,050890585
3,94;-0,716245569;-0,697848325;1,026362812;0,605472269;19,7;388,09;7645,373;19,71196052;0,050761421
3,95;-0,723188124;-0,690651097;1,047110658;0,577466133;19,75;390,0625;7703,734375;19,75419653;0,050632911
3,96;-0,730058361;-0,683384804;1,068297622;0,549551365;19,8;392,04;7762,392;19,83807897;0,050505051
3,97;-0,736855592;-0,676050173;1,08994217;0,521696991;19,85;394,0225;7821,346625;19,89541463;0,050377834
3,98;-0,743579139;-0,668647937;1,112063759;0,49387121;19,9;396,01;7880,599;19,92107436;0,050251256
3,99;-0,750228328;-0,661178838;1,134682911;0,466041191;19,95;398,0025;7940,149875;19,99426321;0,050125313
4;-0,756802495;-0,653643621;1,157821282;0,438172838;20;400;8000;20,00248018;0,05
4,01;-0,763300983;-0,64604304;1,18150175;0,410230538;20,05;402,0025;8060,150125;20,09444002;0,049875312
4,02;-0,769723141;-0,638377856;1,205748498;0,382176872;20,1;404,01;8120,601;20,14881419;0,049751244
4,03;-0,776068327;-0,630648834;1,230587112;0,353972289;20,15;406,0225;8181,353375;20,15266441;0,049627792
4,04;-0,782335907;-0,622856748;1,256044684;0,325574738;20,2;408,04;8242,408;20,20300822;0,04950495
4,05;-0,788525254;-0,615002377;1,282149931;0,296939238;20,25;410,0625;8303,765625;20,25096494;0,049382716
4,06;-0,79463575;-0,607086506;1,308933311;0,26801739;20,3;412,09;8365,427;20,34771416;0,049261084
4,07;-0,800666782;-0,599109926;1,336427168;0,238756801;20,35;414,1225;8427,392875;20,36827509;0,049140049
4,08;-0,806617749;-0,591073437;1,364665875;0,209100418;20,4;416,16;8489,664;20,41168983;0,049019608
4,09;-0,812488054;-0,58297784;1,393685999;0,178985732;20,45;418,2025;8552,241125;20,47501937;0,048899756
4,1;-0,818277111;-0,574823947;1,423526483;0,148343845;20,5;420,25;8615,125;20,51792081;0,048780488
4,11;-0,823984341;-0,566612571;1,454228839;0,117098345;20,55;422,3025;8678,316375;20,5923454;0,0486618
4,12;-0,829609174;-0,558344534;1,485837368;0,085163962;20,6;424,36;8741,816;20,62374575;0,048543689
4,13;-0,835151046;-0,550020664;1,518399399;0,052444931;20,65;426,4225;8805,624625;20,6650985;0,04842615
4,14;-0,840609404;-0,541641792;1,551965554;0,018832999;20,7;428,49;8869,743;20,71849311;0,048309179
4,15;-0,845983701;-0,533208756;1,586590039;-0,015795026;20,75;430,5625;8934,171875;20,76699272;0,048192771
4,16;-0,851273401;-0,5247224;1,622330972;-0,051580316;20,8;432,64;8998,912;20,81651228;0,048076923
4,17;-0,856477974;-0,516183572;1,659250741;-0,088685833;20,85;434,7225;9063,964125;20,89010804;0,047961631
4,18;-0,8615969;-0,507593126;1,697416408;-0,127301134;20,9;436,81;9129,329;20,92831124;0,04784689
4,19;-0,866629667;-0,498951921;1,736900152;-0,167648503;20,95;438,9025;9195,007375;20,96853789;0,047732697
4,2;-0,871575772;-0,490260821;1,777779775;-0,209990868;21;441;9261;21,01919006;0,047619048
4,21;-0,87643472;-0,481520696;1,820139254;-0,254642125;21,05;443,1025;9327,307625;21,0750299;0,047505938
4,22;-0,881206026;-0,472732419;1,864069377;-0,3019808;21,1;445,21;9393,931;21,13675728;0,047393365
4,23;-0,885889211;-0,463896869;1,909668441;-0,352468366;21,15;447,3225;9460,870875;21,1968438;0,047281324
4,24;-0,890483809;-0,45501493;1,957043054;-0,406674205;21,2;449,44;9528,128;21,22126746;0,047169811
4,25;-0,894989358;-0,44608749;2,006309028;-0,465310208;21,25;451,5625;9595,703125;21,27911943;0,047058824
4,26;-0,89940541;-0,437115441;2,057592399;-0,5292797;21,3;453,69;9663,597;21,34162878;0,046948357
4,27;-0,903731521;-0,428099682;2,111030586;-0,5997481;21,35;455,8225;9731,810375;21,37962624;0,046838407
4,28;-0,907967261;-0,419041112;2,166773699;-0,678247593;21,4;457,96;9800,344;21,40278462;0,046728972
4,29;-0,912112204;-0,409940639;2,224986052;-0,766836574;21,45;460,1025;9869,198625;21,45281779;0,046620047
4,3;-0,916165937;-0,400799172;2,285847877;-0,868350628;21,5;462,25;9938,375;21,50832841;0,046511628
4,31;-0,920128054;-0,391617626;2,349557307;-0,986812964;21,55;464,4025;10007,87388;21,57112891;0,046403712
4,32;-0,923998159;-0,382396918;2,416332653;-1,128136745;21,6;466,56;10077,696;21,63833516;0,046296296
4,33;-0,927775865;-0,37313797;2,486415048;-1,301394414;21,65;468,7225;10147,84213;21,66120725;0,046189376
4,34;-0,931460794;-0,36384171;2,560071506;-1,52127184;21,7;470,89;10218,313;21,70142448;0,046082949
4,35;-0,935052578;-0,354509065;2,637598498;-1,813236445;21,75;473,0625;10289,10938;21,76117331;0,045977011
4,36;-0,938550857;-0,34514097;2,719326128;-2,225714923;21,8;475,24;10360,232;21,82786238;0,04587156
4,37;-0,941955282;-0,335738361;2,805623045;-2,863617935;21,85;477,4225;10431,68163;21,87786711;0,04576659
4,38;-0,945265512;-0,326302178;2,896902244;-4,004905971;21,9;479,61;10503,459;21,91743268;0,0456621
4,39;-0,948481217;-0,316833366;2,993627944;-6,70897455;21,95;481,8025;10575,56488;21,95810609;0,045558087
4,4;-0,951602074;-0,30733287;3,096323781;-22,0751424;22;484;10648;22,04566934;0,045454545
4,41;-0,954627772;-0,297801641;3,20558264;15,60610923;22,05;486,2025;10720,76513;22,05383495;0,045351474
4,42;-0,957558007;-0,288240633;3,322078495;5,480307809;22,1;488,41;10793,861;22,13366025;0,045248869
4,43;-0,960392488;-0,2786508;3,446580763;3,176517577;22,15;490,6225;10867,28838;22,16960396;0,045146727
4,44;-0,963130931;-0,269033103;3,57997183;2,133096784;22,2;492,84;10941,048;22,20163447;0,045045045
4,45;-0,965773061;-0,259388503;3,723268573;1,520759004;22,25;495,0625;11015,14063;22,28405933;0,04494382
4,46;-0,968318614;-0,249717964;3,877649006;1,103894282;22,3;497,29;11089,567;22,32289135;0,044843049
4,47;-0,970767337;-0,240022453;4,04448552;0,788847361;22,35;499,5225;11164,32788;22,35587601;0,044742729
4,48;-0,973118983;-0,230302941;4,225386703;0,529543699;22,4;501,76;11239,424;22,42910913;0,044642857
4,49;-0,975373319;-0,220560398;4,422250448;0,298563662;22,45;504,0025;11314,85613;22,46038668;0,04454343
4,5;-0,977530118;-0,210795799;4,637332055;0,07519819;22,5;506,25;11390,625;22,50074067;0,044444444
4,51;-0,979589164;-0,201010121;4,873332533;-0,162347734;22,55;508,5025;11466,73138;22,56601065;0,044345898
4,52;-0,981550253;-0,191204343;5,133514435;-0,447923126;22,6;510,76;11543,176;22,64739458;0,044247788
4,53;-0,983413188;-0,181379444;5,421855796;-0,858601995;22,65;513,0225;11619,95963;22,65244858;0,04415011
4,54;-0,985177782;-0,171536407;5,743257658;-1,668526295;22,7;515,29;11697,083;22,71956303;0,044052863
4,55;-0,986843859;-0,161676216;6,103828261;-5,515556653;22,75;517,5625;11774,54688;22,77895147;0,043956044
4,56;-0,988411252;-0,151799858;6,511279139;4,30786434;22,8;519,84;11852,352;22,80263819;0,043859649
4,57;-0,989879805;-0,141908321;6,975488115;1,205959973;22,85;522,1225;11930,49913;22,85511595;0,043763676
4,58;-0,991249371;-0,132002592;7,509317456;0,358993394;22,9;524,41;12008,989;22,93035131;0,043668122
4,59;-0,992519813;-0,122083664;8,129833118;-0,283068105;22,95;526,7025;12087,82238;22,99421019;0,043572985
4,6;-0,993691004;-0,112152527;8,860174896;-1,578829758;23;529;12167;23,01981109;0,043478261
4,61;-0,994762826;-0,102210175;9,732522488;3,146213437;23,05;531,3025;12246,52263;23,09618115;0,043383948
4,62;-0,995735173;-0,092257602;10,7929878;0,205404221;23,1;533,61;12326,391;23,14547028;0,043290043
4,63;-0,996607947;-0,082295803;12,11007009;-2,037283969;23,15;535,9225;12406,60588;23,17891475;0,043196544
4,64;-0,997381062;-0,072325775;13,7901192;0,361686456;23,2;538,24;12487,168;23,22510378;0,043103448
4,65;-0,998054439;-0,062348515;16,00766987;3,236090887;23,25;540,5625;12568,07813;23,29099467;0,043010753
4,66;-0,998628011;-0,052365019;19,07051744;4,451780192;23,3;542,89;12649,337;23,31261734;0,042918455
4,67;-0,999101722;-0,042376287;23,57690554;-0,014961752;23,35;545,2225;12730,94538;23,38490446;0,042826552
4,68;-0,999475523;-0,032383318;30,86390129;-1,623652826;23,4;547,56;12812,904;23,42037759;0,042735043
4,69;-0,999749377;-0,02238711;44,65736663;1,249158458;23,45;549,9025;12895,21363;23,47286981;0,042643923
4,7;-0,999923258;-0,012388663;80,71276297;-0,687298199;23,5;552,25;12977,875;23,51372049;0,042553191
4,71;-0,999997146;-0,002388978;418,5878227;1,060595752;23,55;554,6025;13060,88888;23,56008251;0,042462845
4,72;-0,999971036;0,007610946;-131,3859038;1,591529748;23,6;556,96;13144,256;23,64853799;0,042372881
4,73;-0,99984493;0,017610109;-56,77675893;-4,30791651;23,65;559,3225;13227,97713;23,69986864;0,042283298
4,74;-0,99961884;0,027607511;-36,2082197;0,08007467;23,7;561,69;13312,053;23,72159041;0,042194093
4,75;-0,999292789;0,037602153;-26,57541423;-0,128829032;23,75;564,0625;13396,48438;23,7765687;0,042105263
4,76;-0,998866809;0,047593034;-20,98766821;0,637188293;23,8;566,44;13481,272;23,8113722;0,042016807
4,77;-0,998340944;0,057579156;-17,33858242;0,059894292;23,85;568,8225;13566,41663;23,88782755;0,041928721
4,78;-0,997715246;0,06755952;-14,7679445;0,730306325;23,9;571,21;13651,919;23,92528043;0,041841004
4,79;-0,996989776;0,077533128;-12,8588875;-3,320539683;23,95;573,6025;13737,77988;23,95660067;0,041753653
4,8;-0,996164609;0,087498983;-11,38487065;0,410232629;24;576;13824;24,043183;0,041666667
4,81;-0,995239826;0,097456089;-10,21218725;-0,995985807;24,05;578,4025;13910,58013;24,06183263;0,041580042
4,82;-0,99421552;0,107403448;-9,256830541;5,898156454;24,1;580,81;13997,521;24,1296655;0,041493776
4,83;-0,993091793;0,117340068;-8,463364758;0,698001045;24,15;583,2225;14084,82338;24,15079013;0,041407867
4,84;-0,991868757;0,127264953;-7,793730589;-0,060324059;24,2;585,64;14172,488;24,24538184;0,041322314
4,85;-0,990546536;0,137177112;-7,220931545;-0,733796698;24,25;588,0625;14260,51563;24,2560615;0,041237113
4,86;-0,989125261;0,147075554;-6,725286676;-2,112600877;24,3;590,49;14348,907;24,31793338;0,041152263
4,87;-0,987605074;0,156959288;-6,292109814;-112,0480388;24,35;592,9225;14437,66288;24,39326097;0,041067762
4,88;-0,985986127;0,166827326;-5,910219578;2,555721187;24,4;595,36;14526,784;24,44775925;0,040983607
4,89;-0,984268583;0,176678681;-5,57095273;1,158187418;24,45;597,8025;14616,27113;24,49086395;0,040899796
4,9;-0,982452613;0,186512369;-5,267493066;0,620150021;24,5;600,25;14706,125;24,54763473;0,040816327
4,91;-0,980538398;0,196327406;-4,994404074;0,289737311;24,55;602,7025;14796,34638;24,56030224;0,040733198
4,92;-0,97852613;0,206122811;-4,74729666;0,034921865;24,6;605,16;14886,936;24,62987207;0,040650407
4,93;-0,97641601;0,215897603;-4,522588478;-0,192112969;24,65;607,6225;14977,89463;24,65045814;0,040567951
4,94;-0,97420825;0,225650805;-4,317326715;-0,416984922;24,7;610,09;15069,223;24,72052639;0,04048583
4,95;-0,971903069;0,235381443;-4,129055618;-0,659943088;24,75;612,5625;15160,92188;24,77848234;0,04040404
4,96;-0,969500699;0,245088543;-3,955716121;-0,94413866;24,8;615,04;15252,992;24,81032787;0,040322581
4,97;-0,96700138;0,254771134;-3,795568854;-1,304635622;24,85;617,5225;15345,43413;24,89378619;0,040241449
4,98;-0,964405362;0,264428248;-3,647134408;-1,806619171;24,9;620,01;15438,249;24,93621373;0,040160643
4,99;-0,961712903;0,27405892;-3,509146519;-2,597053868;24,95;622,5025;15531,43738;24,99170344;0,04008016
5;-0,958924275;0,283662185;-3,380515006;-4,105514687;25;625;15625;25,00371695;0,04
5,01;-0,956039754;0,293237085;-3,260296197;-8,384743301;25,05;627,5025;15718,93763;25,08743685;0,03992016
5,02;-0,953059631;0,302782662;-3,147669106;-164,5676739;25,1;630,01;15813,251;25,11450315;0,039840637
5,03;-0,949984202;0,31229796;-3,041916127;9,999204782;25,15;632,5225;15907,94088;25,18274381;0,039761431
5,04;-0,946813776;0,321782029;-2,942407249;4,953876765;25,2;635,04;16003,008;25,21244933;0,03968254
5,05;-0,943548669;0,33123392;-2,848587089;3,314672331;25,25;637,5625;16098,45313;25,26098919;0,03960396
5,06;-0,940189208;0,340652688;-2,759964152;2,491887356;25,3;640,09;16194,277;25,30156204;0,039525692
5,07;-0,936735728;0,350037391;-2,676101904;1,990818132;25,35;642,6225;16290,48038;25,38411945;0,039447732
5,08;-0,933188576;0,35938709;-2,59661129;1,649562884;25,4;645,16;16387,064;25,42020514;0,039370079
5,09;-0,929548106;0,368700851;-2,521144453;1,399411968;25,45;647,7025;16484,02863;25,49094607;0,039292731
5,1;-0,925814682;0,377977743;-2,449389416;1,20620438;25,5;650,25;16581,375;25,50843568;0,039215686
5,11;-0,921988678;0,387216837;-2,38106557;1,051021644;25,55;652,8025;16679,10388;25,5802555;0,039138943
5,12;-0,918070475;0,396417209;-2,315919829;0,922528907;25,6;655,36;16777,216;25,60227683;0,0390625
5,13;-0,914060466;0,40557794;-2,25372333;0,813513943;25,65;657,9225;16875,71213;25,66001616;0,038986355
5,14;-0,909959051;0,414698114;-2,194268605;0,719164035;25,7;660,49;16974,593;25,72988375;0,038910506
5,15;-0,905766641;0,423776818;-2,137367132;0,636141096;25,75;663,0625;17073,85938;25,79527717;0,038834951
5,16;-0,901483656;0,432813144;-2,082847223;0,562054397;25,8;665,64;17173,512;25,82619252;0,03875969
5,17;-0,897110523;0,44180619;-2,03055218;0,495144728;25,85;668,2225;17273,55163;25,88540279;0,03868472
5,18;-0,892647679;0,450755056;-1,980338696;0,434087233;25,9;670,81;17373,979;25,93941249;0,038610039
5,19;-0,888095572;0,459658846;-1,932075449;0,377863903;25,95;673,4025;17474,79488;25,98084999;0,038535645
5,2;-0,883454656;0,468516671;-1,885641878;0,325678604;26;676;17576;26,04211181;0,038461538
5,21;-0,878725395;0,477327645;-1,840927095;0,276898925;26,05;678,6025;17677,59513;26,07650023;0,038387716
5,22;-0,873908262;0,486090886;-1,797828938;0,231015456;26,1;681,21;17779,581;26,13614211;0,038314176
5,23;-0,869003739;0,494805519;-1,756253125;0,187612678;26,15;683,8225;17881,95838;26,15514204;0,038240918
5,24;-0,864012316;0,503470671;-1,716112508;0,146347766;26,2;686,44;17984,728;26,2355941;0,038167939
5,25;-0,858934493;0,512085477;-1,677326407;0,106934909;26,25;689,0625;18087,89063;26,28128059;0,038095238
5,26;-0,853770778;0,520649075;-1,639820022;0,069133521;26,3;691,69;18191,447;26,31954629;0,038022814
5,27;-0,848521685;0,529160608;-1,603523906;0,032739269;26,35;694,3225;18295,39788;26,39193984;0,037950664
5,28;-0,843187742;0,537619226;-1,568373491;-0,002422841;26,4;696,96;18399,744;26,44856288;0,037878788
5,29;-0,83776948;0,546024082;-1,534308665;-0,036503863;26,45;699,6025;18504,48613;26,48071221;0,037807183
5,3;-0,832267442;0,554374336;-1,501273396;-0,06963516;26,5;702,25;18609,625;26,50207742;0,037735849
5,31;-0,826682178;0,562669153;-1,469215387;-0,101931781;26,55;704,9025;18715,16138;26,59556196;0,037664783
5,32;-0,821014247;0,570907704;-1,438085772;-0,133495186;26,6;707,56;18821,096;26,61410335;0,037593985
5,33;-0,815264214;0,579089165;-1,407838834;-0,164415434;26,65;710,2225;18927,42963;26,6755846;0,037523452
5,34;-0,809432656;0,587212717;-1,378431756;-0,194772986;26,7;712,89;19034,163;26,7488716;0,037453184
5,35;-0,803520156;0,595277548;-1,349824395;-0,224640178;26,75;715,5625;19141,29688;26,7684226;0,037383178
5,36;-0,797527304;0,603282852;-1,32197907;-0,254082443;26,8;718,24;19248,832;26,80168938;0,037313433
5,37;-0,7914547;0,611227828;-1,294860383;-0,283159335;26,85;720,9225;19356,76913;26,87495669;0,037243948
5,38;-0,785302951;0,619111682;-1,26843504;-0,311925382;26,9;723,61;19465,109;26,94370633;0,037174721
5,39;-0,779072673;0,626933625;-1,242671698;-0,340430815;26,95;726,3025;19573,85238;26,9618051;0,037105751
5,4;-0,772764488;0,634692876;-1,217540825;-0,368722181;27;729;19683;27,03651072;0,037037037
5,41;-0,766379027;0,642388658;-1,193014568;-0,396842876;27,05;731,7025;19792,55263;27,0716684;0,036968577
5,42;-0,759916929;0,650020201;-1,169066634;-0,424833595;27,1;734,41;19902,511;27,10244262;0,036900369
5,43;-0,753378839;0,657586743;-1,145672183;-0,452732733;27,15;737,1225;20012,87588;27,17303146;0,036832413
5,44;-0,746765413;0,665087527;-1,122807725;-0,480576728;27,2;739,84;20123,648;27,23199623;0,036764706
5,45;-0,74007731;0,672521802;-1,100451031;-0,508400366;27,25;742,5625;20234,82813;27,28148569;0,036697248
5,46;-0,733315201;0,679888826;-1,078581046;-0,536237053;27,3;745,29;20346,417;27,32651376;0,036630037
5,47;-0,726479761;0,687187862;-1,057177813;-0,564119054;27,35;748,0225;20458,41538;27,357511;0,036563071
5,48;-0,719571673;0,694418179;-1,036222401;-0,592077715;27,4;750,76;20570,824;27,41619822;0,03649635
5,49;-0,712591628;0,701579055;-1,015696838;-0,620143656;27,45;753,5025;20683,64363;27,48639036;0,036429872
5,5;-0,705540326;0,708669774;-0,995584052;-0,648346958;27,5;756,25;20796,875;27,51945498;0,036363636
5,51;-0,698418469;0,715689627;-0,975867811;-0,67671733;27,55;759,0025;20910,51888;27,5750742;0,036297641
5,52;-0,691226772;0,722637911;-0,956532672;-0,705284267;27,6;761,76;21024,576;27,64346827;0,036231884
5,53;-0,683965952;0,729513932;-0,937563934;-0,734077201;27,65;764,5225;21139,04713;27,69801609;0,036166365
5,54;-0,676636736;0,736317002;-0,918947592;-0,763125646;27,7;767,29;21253,933;27,72348118;0,036101083
5,55;-0,669239857;0,743046441;-0,900670295;-0,792459333;27,75;770,0625;21369,23438;27,75738995;0,036036036
5,56;-0,661776055;0,749701576;-0,882719306;-0,82210835;27,8;772,84;21484,952;27,80045449;0,035971223
5,57;-0,654246076;0,756281741;-0,865082468;-0,852103277;27,85;775,6225;21601,08663;27,86169779;0,035906643
5,58;-0,646650672;0,762786279;-0,84774817;-0,882475319;27,9;778,41;21717,639;27,90599766;0,035842294
5,59;-0,638990604;0,769214539;-0,830705313;-0,913256443;27,95;781,2025;21834,60988;27,97139803;0,035778175
5,6;-0,631266638;0,775565879;-0,813943284;-0,944479518;28;784;21952;28,04134712;0,035714286
5,61;-0,623479545;0,781839662;-0,797451928;-0,976178457;28,05;786,8025;22069,81013;28,07652136;0,035650624
5,62;-0,615630105;0,788035262;-0,78122152;-1,00838837;28,1;789,61;22188,041;28,14226697;0,035587189
5,63;-0,607719103;0,794152059;-0,765242747;-1,041145714;28,15;792,4225;22306,69338;28,19450527;0,035523979
5,64;-0,599747329;0,800189441;-0,749506677;-1,074488463;28,2;795,24;22425,768;28,22634273;0,035460993
5,65;-0,591715581;0,806146805;-0,734004745;-1,108456279;28,25;798,0625;22545,26563;28,29327146;0,03539823
5,66;-0,583624661;0,812023555;-0,718728733;-1,143090702;28,3;800,89;22665,187;28,31883553;0,035335689
5,67;-0,57547538;0,817819104;-0,703670747;-1,178435347;28,35;803,7225;22785,53288;28,36407679;0,035273369
5,68;-0,567268552;0,823532871;-0,688823205;-1,214536121;28,4;806,56;22906,304;28,44525595;0,035211268
5,69;-0,559004997;0,829164286;-0,674178817;-1,251441459;28,45;809,4025;23027,50113;28,46551291;0,035149385
5,7;-0,550685543;0,834712785;-0,659730572;-1,289202576;28,5;812,25;23149,125;28,53615604;0,035087719
5,71;-0,54231102;0,840177813;-0,645471722;-1,327873746;28,55;815,1025;23271,17638;28,5717122;0,03502627
5,72;-0,533882266;0,845558824;-0,631395772;-1,367512608;28,6;817,96;23393,656;28,61048081;0,034965035
5,73;-0,525400125;0,850855281;-0,617496462;-1,408180502;28,65;820,8225;23516,56463;28,66304835;0,034904014
5,74;-0,516865444;0,856066652;-0,60376776;-1,449942834;28,7;823,69;23639,903;28,74186997;0,034843206
5,75;-0,508279077;0,861192417;-0,590203847;-1,492869492;28,75;826,5625;23763,67188;28,7993942;0,034782609
5,76;-0,499641883;0,866232064;-0,57679911;-1,537035292;28,8;829,44;23887,872;28,82264779;0,034722222
5,77;-0,490954725;0,871185088;-0,563548127;-1,582520491;28,85;832,3225;24012,50413;28,85291288;0,034662045
5,78;-0,482218472;0,876050995;-0,550445664;-1,629411345;28,9;835,21;24137,569;28,93968048;0,034602076
5,79;-0,473433997;0,880829297;-0,53748666;-1,677800741;28,95;838,1025;24263,06738;28,99717515;0,034542314
5,8;-0,464602179;0,885519517;-0,524666222;-1,7277889;29;841;24389;29,03658129;0,034482759
5,81;-0,455723902;0,890121186;-0,511979615;-1,77948418;29,05;843,9025;24515,36763;29,0525916;0,034423408
5,82;-0,446800052;0,894633843;-0,499422256;-1,833003964;29,1;846,81;24642,171;29,13171201;0,034364261
5,83;-0,437831523;0,899057038;-0,486989707;-1,888475679;29,15;849,7225;24769,41088;29,18057594;0,034305317
5,84;-0,428819211;0,903390328;-0,474677665;-1,94603794;29,2;852,64;24897,088;29,24069248;0,034246575
5,85;-0,419764018;0,907633279;-0,46248196;-2,005841867;29,25;855,5625;25025,20313;29,26784265;0,034188034
5,86;-0,410666848;0,911785468;-0,450398545;-2,068052567;29,3;858,49;25153,757;29,33206538;0,034129693
5,87;-0,401528612;0,915846479;-0,438423493;-2,132850848;29,35;861,4225;25282,75038;29,36042463;0,03407155
5,88;-0,392350224;0,919815906;-0,426552989;-2,200435177;29,4;864,36;25412,184;29,41102107;0,034013605
5,89;-0,383132601;0,923693353;-0,414783326;-2,271023941;29,45;867,3025;25542,05863;29,49196719;0,033955857
5,9;-0,373876665;0,927478431;-0,4031109;-2,344858059;29,5;870,25;25672,375;29,52687651;0,033898305
5,91;-0,364583341;0,931170762;-0,391532205;-2,422204009;29,55;873,2025;25803,13388;29,57924818;0,033840948
5,92;-0,35525356;0,934769976;-0,380043828;-2,503357364;29,6;876,16;25934,336;29,63951935;0,033783784
5,93;-0,345888253;0,938275714;-0,368642445;-2,588646919;29,65;879,1225;26065,98213;29,66852018;0,033726813
5,94;-0,336488358;0,941687626;-0,357324817;-2,678439544;29,7;882,09;26198,073;29,74605314;0,033670034
5,95;-0,327054815;0,945005369;-0,346087785;-2,773145907;29,75;885,0625;26330,60938;29,75169887;0,033613445
5,96;-0,317588566;0,948228613;-0,334928267;-2,87322726;29,8;888,04;26463,592;29,82112432;0,033557047
5,97;-0,308090559;0,951357035;-0,323843255;-2,979203527;29,85;891,0225;26597,02163;29,86602721;0,033500838
5,98;-0,298561742;0,954390322;-0,31282981;-3,091662987;29,9;894,01;26730,899;29,92972757;0,033444816
5,99;-0,28900307;0,95732817;-0,301885058;-3,21127394;29,95;897,0025;26865,22488;29,99926776;0,033388982
6;-0,279415498;0,960170287;-0,291006191;-3,338798847;30;900;27000;30,01846059;0,033333333
6,01;-0,269799985;0,962916387;-0,280190459;-3,475111573;30,05;903,0025;27135,22513;30,07684413;0,03327787
6,02;-0,260157491;0,965566196;-0,269435169;-3,621218558;30,1;906,01;27270,901;30,12565347;0,033222591
6,03;-0,250488983;0,96811945;-0,258737682;-3,778285007;30,15;909,0225;27407,02838;30,19854432;0,033167496
6,04;-0,240795425;0,970575893;-0,248095411;-3,947667542;30,2;912,04;27543,608;30,22264972;0,033112583
6,05;-0,231077788;0,972935278;-0,237505817;-4,130955253;30,25;915,0625;27680,64063;30,27258327;0,033057851
6,06;-0,221337044;0,975197371;-0,226966407;-4,330021786;30,3;918,09;27818,127;30,34430068;0,0330033
6,07;-0,211574166;0,977361945;-0,216474733;-4,54709209;30,35;921,1225;27956,06788;30,36493826;0,032948929
6,08;-0,201790131;0,979428784;-0,206028385;-4,784828871;30,4;924,16;28094,464;30,40015412;0,032894737
6,09;-0,191985917;0,981397681;-0,195624995;-5,046445903;30,45;927,2025;28233,31613;30,49308462;0,032840722
6,1;-0,182162504;0,983268438;-0,185262231;-5,335858445;30,5;930,25;28372,625;30,50171004;0,032786885
6,11;-0,172320876;0,98504087;-0,174937793;-5,657885774;30,55;933,3025;28512,39138;30,5884442;0,032733224
6,12;-0,162462015;0,986714799;-0,164649416;-6,018528181;30,6;936,36;28652,616;30,61250148;0,032679739
6,13;-0,152586909;0,988290056;-0,154394864;-6,425352467;30,65;939,4225;28793,29963;30,66323134;0,032626427
6,14;-0,142696544;0,989766486;-0,144171929;-6,888038968;30,7;942,49;28934,443;30,70231871;0,03257329
6,15;-0,132791909;0,99114394;-0,13397843;-7,419175023;30,75;945,5625;29076,04688;30,78438494;0,032520325
6,16;-0,122873995;0,99242228;-0,123812209;-8,035434907;30,8;948,64;29218,112;30,82043185;0,032467532
6,17;-0,112943794;0,993601379;-0,113671133;-8,759385257;30,85;951,7225;29360,63913;30,87572591;0,032414911
6,18;-0,103002299;0,994681118;-0,103553085;-9,622340316;30,9;954,81;29503,629;30,90593636;0,03236246
6,19;-0,093050503;0,99566139;-0,093455972;-10,6690556;30,95;957,9025;29647,08238;30,99883056;0,032310178
6,2;-0,083089403;0,996542097;-0,083377715;-11,965807;31;961;29791;31,01354702;0,032258065
6,21;-0,073119994;0,997323151;-0,07331625;-13,6150935;31,05;964,1025;29935,38263;31,05926551;0,032206119
6,22;-0,063143272;0,998004473;-0,063269528;-15,78430132;31,1;967,21;30080,231;31,12932501;0,032154341
6,23;-0,053160237;0,998585995;-0,053235512;-18,76670498;31,15;970,3225;30225,54588;31,15816136;0,032102729
6,24;-0,043171885;0,99906766;-0,043212174;-23,12722104;31,2;973,44;30371,328;31,20738912;0,032051282
6,25;-0,033179217;0,999449418;-0,033197494;-30,11168857;31,25;976,5625;30517,57813;31,29429891;0,032
6,26;-0,02318323;0,999731233;-0,023189463;-43,11530466;31,3;979,69;30664,297;31,33428232;0,031948882
6,27;-0,013184925;0,999913075;-0,013186071;-75,83320435;31,35;982,8225;30811,48538;31,39599541;0,031897927
6,28;-0,003185302;0,999994927;-0,003185318;-313,9393407;31,4;985,96;30959,144;31,44686368;0,031847134
6,29;0,00681464;0,99997678;0,006814798;146,7372141;31,45;989,1025;31107,27363;31,48812766;0,031796502